,City,Cloud,Country,Date,Humidity,Pressure,Temperature_max,Wind,lat,lon
0,Amparihy,75,MG,1511028000,83,1017.0,23.0,1.0,-25.02,46.97
1,Isangel,12,VU,1511029513,100,1021.34,23.1,3.46,-19.55,169.27
2,Albany,90,US,1511027640,44,1006.0,7.0,6.7,42.65,-73.76
3,Rudnik,24,RU,1511029513,73,1010.72,-14.4,2.56,69.75,61.65
4,Rikitea,48,PF,1511029223,100,1031.47,22.78,8.31,-23.12,-134.97
5,Barrow,90,US,1511027580,85,1024.0,-12.0,2.6,71.29,-156.79
6,Klaksvik,48,FO,1511027400,74,1016.0,3.0,11.3,62.23,-6.59
7,Chuy,64,UY,1511029515,80,1020.44,16.43,10.21,-33.7,-53.46
8,Catabola,76,AO,1511029515,80,869.59,19.25,1.26,-12.15,17.28
9,Hofn,0,IS,1511029228,100,1023.36,1.53,3.21,64.25,-15.21
10,Sao Joao da Barra,20,BR,1511024400,48,1007.0,31.0,11.3,-21.64,-41.05
11,Amparihy,75,MG,1511028000,83,1017.0,23.0,1.0,-25.02,46.97
12,Tambura,56,SS,1511029516,79,952.51,24.43,1.86,5.6,27.47
13,Camana,8,PE,1511029517,94,1007.8,17.93,3.76,-16.62,-72.71
14,Rikitea,48,PF,1511029223,100,1031.47,22.78,8.31,-23.12,-134.97
15,Teknaf,0,BD,1511029517,90,1015.34,25.15,1.86,20.86,92.31
16,Vaini,75,TO,1511028000,94,1010.0,26.0,2.1,-21.2,-175.2
17,Progreso,20,MX,1511027280,42,1014.0,30.0,1.5,21.28,-89.67
18,Inyonga,32,TZ,1511029518,32,878.83,23.95,2.21,-6.72,32.07
19,Dano,0,BF,1511029519,38,989.32,29.43,1.26,11.15,-3.07
20,Cairns,75,AU,1511028000,83,1010.0,24.0,1.5,-16.92,145.77
21,Shakawe,0,BW,1511029520,18,909.23,23.6,2.71,-18.37,21.85
22,Powell River,90,CA,1511028000,81,1021.0,9.0,5.7,49.85,-124.54
23,Kapaa,1,US,1511027760,93,1013.0,22.0,3.1,22.08,-159.32
24,Ushuaia,75,AR,1511024400,93,989.0,2.0,12.9,-54.8,-68.3
25,Hilo,1,US,1511027580,82,1012.0,19.0,1.5,19.73,-155.09
26,Fort Nelson,90,CA,1511028000,77,1014.0,-17.0,3.6,58.81,-122.7
27,Hilo,1,US,1511027580,82,1012.0,19.0,1.5,19.73,-155.09
28,Bathsheba,40,BB,1511028000,70,1009.0,31.0,6.7,13.22,-59.52
29,Rikitea,48,PF,1511029223,100,1031.47,22.78,8.31,-23.12,-134.97
30,Puerto Ayora,40,EC,1511024400,50,1014.0,25.0,7.2,-0.74,-90.35
31,Rikitea,48,PF,1511029223,100,1031.47,22.78,8.31,-23.12,-134.97
32,Stabat,40,ID,1511026200,94,1009.0,25.0,1.5,3.76,98.45
33,Phultala,0,BD,1511029523,95,1023.85,20.95,1.31,22.7,89.52
34,Rikitea,48,PF,1511029223,100,1031.47,22.78,8.31,-23.12,-134.97
35,Atbasar,64,KZ,1511029524,86,1002.61,-3.1,3.91,51.8,68.33
36,College,1,US,1511027880,82,1023.0,-29.0,1.76,64.86,-147.8
37,Atuona,80,PF,1511029524,100,1025.23,26.25,7.01,-9.8,-139.03
38,Batagay-Alyta,64,RU,1511029525,69,934.03,-21.68,1.21,67.8,130.41
39,Teriberka,80,RU,1511029525,100,995.23,-4.95,1.16,69.16,35.15
40,Castro,80,BR,1511029299,78,901.77,23.05,5.36,-24.79,-50.01
41,Vardo,40,NO,1511027400,69,1000.0,3.0,5.7,70.37,31.11
42,Punta Arenas,75,CL,1511024400,70,995.0,6.0,15.4,-53.15,-70.92
43,Georgetown,75,GY,1511024400,66,1008.0,32.0,4.1,6.8,-58.16
44,Laguna,1,US,1511027880,54,1025.0,13.0,1.5,38.42,-121.42
45,Bredasdorp,0,ZA,1511028000,68,1014.0,18.0,6.7,-34.53,20.04
46,Ancud,92,CL,1511029527,100,1023.69,11.4,4.11,-41.87,-73.82
47,Punta Arenas,75,CL,1511024400,70,995.0,6.0,15.4,-53.15,-70.92
48,Port Elizabeth,0,ZA,1511028000,87,1015.0,15.0,1.0,-33.92,25.57
49,Atbasar,64,KZ,1511029524,86,1002.61,-3.1,3.91,51.8,68.33
50,Ushuaia,75,AR,1511024400,93,989.0,2.0,12.9,-54.8,-68.3
51,Nanortalik,24,GL,1511029529,98,1022.07,-1.9,13.91,60.14,-45.24
52,Amparihy,75,MG,1511028000,83,1017.0,23.0,1.0,-25.02,46.97
53,Varnek,8,RU,1511029529,100,1020.85,-8.9,4.46,69.71,60.05
54,Butaritari,0,KI,1511029530,100,1020.2,28.58,0.51,3.07,172.79
55,Nokha,0,IN,1511029530,86,997.75,12.95,1.91,27.6,73.42
56,Bukachacha,0,RU,1511029531,57,935.57,-29.73,1.11,52.98,116.92
57,Lasa,0,IT,1511027700,94,1017.0,2.0,2.6,46.62,10.7
58,Saint-Philippe,0,RE,1511028000,83,1016.0,24.0,2.1,-21.36,55.77
59,Nederland,75,US,1511028900,58,1011.0,28.0,9.8,29.97,-93.99
60,Norman Wells,90,CA,1511028000,70,1024.0,-20.0,4.6,65.28,-126.83
61,East London,0,ZA,1511028000,72,1016.0,16.0,2.1,-33.02,27.91
62,Ushuaia,75,AR,1511024400,93,989.0,2.0,12.9,-54.8,-68.3
63,Port-Cartier,75,CA,1511028000,69,1006.0,2.0,4.1,50.03,-66.87
64,Albany,90,US,1511027640,44,1006.0,7.0,6.7,42.65,-73.76
65,Narsaq,90,GL,1511027400,57,1021.0,-5.0,2.1,60.92,-46.05
66,Kupang,64,ID,1511029443,100,1009.58,26.55,1.76,-10.17,123.58
67,Fonte Boa,8,BR,1511029534,60,1011.53,33.28,1.16,-2.5,-66.27
68,Tuktoyaktuk,90,CA,1511028000,84,1023.0,-16.0,2.6,69.45,-133.04
69,Nchelenge,68,ZM,1511029535,58,905.58,24.3,1.51,-9.35,28.73
70,Ushuaia,75,AR,1511024400,93,989.0,2.0,12.9,-54.8,-68.3
71,Kotelnich,88,RU,1511029273,87,1012.17,0.43,4.41,58.31,48.35
72,Nanortalik,24,GL,1511029529,98,1022.07,-1.9,13.91,60.14,-45.24
73,Port Elizabeth,0,ZA,1511028000,87,1015.0,15.0,1.0,-33.92,25.57
74,Robertson,48,AU,1511024400,93,1021.0,12.0,3.1,-34.58,150.6
75,Comodoro Rivadavia,75,AR,1511024400,40,998.0,20.0,8.2,-45.87,-67.5
76,New Norfolk,0,AU,1511028000,72,1022.0,16.0,3.6,-42.78,147.06
77,Nabire,20,ID,1511029507,96,945.71,19.5,0.81,-3.37,135.48
78,Tasiilaq,20,GL,1511027400,57,1027.0,-8.0,1.5,65.61,-37.64
79,Fortuna,1,US,1511027700,81,1025.0,9.0,4.1,40.6,-124.16
80,Kashechewan,80,CA,1511029539,89,1017.69,-2.48,4.56,52.3,-81.62
81,Bluff,0,NZ,1511029539,100,1036.74,10.35,4.46,-46.6,168.33
82,Albany,90,US,1511027640,44,1006.0,7.0,6.7,42.65,-73.76
83,El Trompillo,75,BO,1511028000,78,1006.0,27.0,5.7,-17.8,-63.17
84,Khilok,88,RU,1511029543,76,919.12,-8.93,3.71,51.37,110.47
85,Jamestown,90,US,1511027760,100,998.0,8.0,5.7,42.1,-79.24
86,Colesberg,0,ZA,1511029544,21,878.99,15.6,2.66,-30.72,25.1
87,Batagay,76,RU,1511029544,59,996.21,-29.25,1.86,67.63,134.63
88,Hilo,1,US,1511027580,82,1012.0,19.0,1.5,19.73,-155.09
89,Hilo,1,US,1511027580,82,1012.0,19.0,1.5,19.73,-155.09
90,Chokurdakh,80,RU,1511029545,81,1018.17,-14.4,5.81,70.63,147.92
91,Avarua,75,CK,1511028000,78,1015.0,26.0,5.1,-21.21,-159.78
92,Shenstone,20,GB,1511027400,75,1020.0,8.0,3.6,52.63,-1.83
93,Butaritari,0,KI,1511029530,100,1020.2,28.58,0.51,3.07,172.79
94,Tuktoyaktuk,90,CA,1511028000,84,1023.0,-16.0,2.6,69.45,-133.04
95,Jinhua,48,CN,1511029546,57,902.1,-15.83,3.31,41.43,128.03
96,Kapaa,1,US,1511027760,93,1013.0,22.0,3.1,22.08,-159.32
97,Kavieng,68,PG,1511029547,100,1019.07,27.3,1.56,-2.57,150.8
98,Busselton,76,AU,1511029547,100,1024.9,16.18,4.86,-33.65,115.33
99,Klaksvik,48,FO,1511027400,74,1016.0,3.0,11.3,62.23,-6.59
100,Punta Arenas,75,CL,1511024400,70,995.0,6.0,15.4,-53.15,-70.92
101,Hobart,0,AU,1511028000,72,1022.0,16.0,3.6,-42.88,147.33
102,Port Alfred,0,ZA,1511029477,88,1020.04,16.93,2.76,-33.59,26.89
103,Tabou,40,CI,1511024400,83,1008.0,28.0,3.1,4.42,-7.35
104,Kashechewan,80,CA,1511029539,89,1017.69,-2.48,4.56,52.3,-81.62
105,Tigil,88,RU,1511029549,82,1018.42,-5.83,2.51,57.8,158.67
106,Farafangana,92,MG,1511029549,100,1029.68,23.68,6.61,-22.82,47.83
107,Albany,90,US,1511027640,44,1006.0,7.0,6.7,42.65,-73.76
108,Grindavik,75,IS,1511026200,100,1022.0,0.0,2.6,63.84,-22.43
109,Cidreira,88,BR,1511029285,79,1009.18,23.9,4.56,-30.18,-50.21
110,Oyugis,92,KE,1511029551,90,850.87,17.1,2.16,-0.51,34.74
111,Rio de Jesus,48,PA,1511029551,93,1006.91,26.25,1.61,7.98,-81.16
112,Vestmannaeyjar,40,IS,1511028000,79,1021.0,-2.0,5.7,63.44,-20.27
113,Amparihy,75,MG,1511028000,83,1017.0,23.0,1.0,-25.02,46.97
114,Gualeguay,0,AR,1511029552,42,1024.25,20.28,7.61,-33.14,-59.31
115,Carnarvon,0,AU,1511029552,100,1023.85,20.08,5.81,-24.87,113.63
116,Rikitea,48,PF,1511029223,100,1031.47,22.78,8.31,-23.12,-134.97
117,Horki,92,BY,1511029553,100,1003.42,0.7,3.41,54.29,30.98
118,Kawambwa,68,ZM,1511029554,58,905.58,24.3,1.51,-9.79,29.08
119,Qaanaaq,32,GL,1511029477,100,1019.39,-19.45,4.81,77.48,-69.36
120,Fairview,1,US,1511027760,57,1009.0,11.0,3.6,40.81,-74.0
121,Rikitea,48,PF,1511029223,100,1031.47,22.78,8.31,-23.12,-134.97
122,Bluff,0,NZ,1511029539,100,1036.74,10.35,4.46,-46.6,168.33
123,Cape Town,20,ZA,1511028000,82,1016.0,16.0,5.1,-33.93,18.42
124,Salalah,20,OM,1511027400,65,1017.0,27.0,3.6,17.02,54.09
125,Albany,90,US,1511027640,44,1006.0,7.0,6.7,42.65,-73.76
126,Ancud,92,CL,1511029527,100,1023.69,11.4,4.11,-41.87,-73.82
127,Cape Town,20,ZA,1511028000,82,1016.0,16.0,5.1,-33.93,18.42
128,Hakkari,12,TR,1511029556,68,790.07,-5.93,0.86,37.58,44.17
129,Isangel,12,VU,1511029513,100,1021.34,23.1,3.46,-19.55,169.27
130,Albany,90,US,1511027640,44,1006.0,7.0,6.7,42.65,-73.76
131,Amparihy,75,MG,1511028000,83,1017.0,23.0,1.0,-25.02,46.97
132,Naze,8,JP,1511029557,100,1027.9,19.25,9.76,28.37,129.48
133,Riohacha,75,CO,1511028000,94,1008.0,26.0,2.1,11.54,-72.91
134,Porto-Vecchio,0,FR,1511028000,87,1017.0,13.0,1.5,41.59,9.28
135,Punta Arenas,75,CL,1511024400,70,995.0,6.0,15.4,-53.15,-70.92
136,Asau,90,RO,1511028000,93,1014.0,8.0,3.1,46.43,26.4
137,Souillac,40,MU,1511028000,83,1017.0,25.0,2.6,-20.52,57.52
138,Aura,92,FI,1511027400,100,993.0,4.0,2.1,60.62,22.58
139,Vaini,75,TO,1511028000,94,1010.0,26.0,2.1,-21.2,-175.2
140,Riverton,1,US,1511027880,69,1032.0,3.0,4.6,40.52,-111.94
141,Muros,0,ES,1511028000,67,1021.0,14.0,1.5,42.78,-9.06
142,El Trompillo,75,BO,1511028000,78,1006.0,27.0,5.7,-17.8,-63.17
143,Avarua,75,CK,1511028000,78,1015.0,26.0,5.1,-21.21,-159.78
144,Yatou,76,CN,1511029561,99,1036.49,1.95,4.91,37.15,122.38
145,Lorengau,32,PG,1511029562,100,1017.53,28.68,3.11,-2.02,147.27
146,Oranjestad,40,AW,1511028000,74,1007.0,30.0,2.1,12.52,-70.03
147,Sitka,90,US,1511028240,86,1004.0,3.0,3.1,57.05,-135.33
148,Geraldton,90,AU,1511026200,77,1013.0,18.0,2.6,-28.77,114.6
149,Butaritari,0,KI,1511029530,100,1020.2,28.58,0.51,3.07,172.79
150,Cherskiy,92,RU,1511029563,88,1001.96,-10.55,2.41,68.75,161.3
151,Kuching,75,MY,1511028000,100,1009.0,24.0,0.5,1.55,110.33
152,New Norfolk,0,AU,1511028000,72,1022.0,16.0,3.6,-42.78,147.06
153,Gambela,0,ET,1511029565,82,896.34,17.95,0.86,8.25,34.58
154,Ushuaia,75,AR,1511024400,93,989.0,2.0,12.9,-54.8,-68.3
155,Bluff,0,NZ,1511029539,100,1036.74,10.35,4.46,-46.6,168.33
156,Kapaa,1,US,1511027760,93,1013.0,22.0,3.1,22.08,-159.32
157,Port Alfred,0,ZA,1511029477,88,1020.04,16.93,2.76,-33.59,26.89
158,Chuy,64,UY,1511029515,80,1020.44,16.43,10.21,-33.7,-53.46
159,Bandarbeyla,88,SO,1511029271,100,1023.12,26.8,9.66,9.49,50.81
160,Tiksi,64,RU,1511029567,84,1011.85,-12.65,3.46,71.69,128.87
161,Pyt-Yakh,68,RU,1511029567,87,1018.9,-5.9,4.01,60.75,72.86
162,Ushuaia,75,AR,1511024400,93,989.0,2.0,12.9,-54.8,-68.3
163,Bluff,0,NZ,1511029539,100,1036.74,10.35,4.46,-46.6,168.33
164,Khatanga,24,RU,1511029568,60,1033.98,-21.4,5.06,71.97,102.5
165,Kang,0,BW,1511029568,26,900.15,20.3,2.11,-23.68,22.79
166,Rikitea,48,PF,1511029223,100,1031.47,22.78,8.31,-23.12,-134.97
167,Aswan,0,EG,1511024400,42,1011.0,28.0,2.6,24.09,32.91
168,Takoradi,32,GH,1511029480,96,1019.39,27.7,4.36,4.88,-1.76
169,Rikitea,48,PF,1511029223,100,1031.47,22.78,8.31,-23.12,-134.97
170,Tsiombe,8,MG,1511029570,71,1013.72,19.5,2.76,-25.3,45.48
171,Salinas,1,US,1511027700,66,1023.0,13.0,4.6,36.68,-121.66
172,Brae,80,GB,1511027400,75,1007.0,7.0,13.4,60.4,-1.35
173,Doka,0,SD,1511029571,31,954.78,27.03,3.96,13.52,35.77
174,Ojinaga,0,MX,1511029416,20,913.04,23.35,3.11,29.57,-104.42
175,Coxim,76,BR,1511029572,90,979.91,24.53,3.31,-18.51,-54.76
176,Kodiak,1,US,1511027580,100,1014.0,0.0,3.1,57.79,-152.41
177,Barrow,90,US,1511027580,85,1024.0,-12.0,2.6,71.29,-156.79
178,Sept-Iles,75,CA,1511028000,69,1006.0,2.0,4.1,50.2,-66.38
179,Severo-Kurilsk,92,RU,1511029573,100,1013.23,2.85,15.61,50.68,156.12
180,Goderich,92,CA,1511029543,100,979.67,7.9,2.11,43.75,-81.72
181,Ushuaia,75,AR,1511024400,93,989.0,2.0,12.9,-54.8,-68.3
182,Taraz,90,KZ,1511026200,100,1030.0,-1.0,3.0,42.9,71.37
183,Bluff,0,NZ,1511029539,100,1036.74,10.35,4.46,-46.6,168.33
184,Barenburg,40,DE,1511027400,86,1012.0,4.0,5.1,52.62,8.8
185,New Norfolk,0,AU,1511028000,72,1022.0,16.0,3.6,-42.78,147.06
186,Pyt-Yakh,68,RU,1511029567,87,1018.9,-5.9,4.01,60.75,72.86
187,Busselton,76,AU,1511029547,100,1024.9,16.18,4.86,-33.65,115.33
188,Felege Neway,0,ET,1511029575,71,892.37,17.95,0.81,6.3,36.88
189,Severo-Kurilsk,92,RU,1511029573,100,1013.23,2.85,15.61,50.68,156.12
190,Avarua,75,CK,1511028000,78,1015.0,26.0,5.1,-21.21,-159.78
191,Klaksvik,48,FO,1511027400,74,1016.0,3.0,11.3,62.23,-6.59
192,Hermanus,0,ZA,1511029576,59,988.42,17.35,1.66,-34.42,19.23
193,Qaanaaq,32,GL,1511029477,100,1019.39,-19.45,4.81,77.48,-69.36
194,Aswan,0,EG,1511024400,42,1011.0,28.0,2.6,24.09,32.91
195,Xichang,92,CN,1511029577,98,762.19,8.08,0.76,27.9,102.26
196,Jamestown,90,US,1511027760,100,998.0,8.0,5.7,42.1,-79.24
197,New Norfolk,0,AU,1511028000,72,1022.0,16.0,3.6,-42.78,147.06
198,Chokurdakh,80,RU,1511029545,81,1018.17,-14.4,5.81,70.63,147.92
199,Nome,90,US,1511027580,86,1015.0,-2.0,9.3,64.5,-165.41
200,Mathura,0,IN,1511029578,75,1007.39,17.95,3.16,27.5,77.68
201,Balclutha,0,NZ,1511029579,80,1020.44,4.8,1.46,-46.23,169.75
202,Ushuaia,75,AR,1511024400,93,989.0,2.0,12.9,-54.8,-68.3
203,Batagay-Alyta,64,RU,1511029525,69,934.03,-21.68,1.21,67.8,130.41
204,Hasaki,75,JP,1511026680,52,1005.0,8.0,4.6,35.73,140.83
205,Qeshm,0,IR,1511028000,52,1019.0,20.0,3.1,26.96,56.27
206,Lata,0,PT,1511028000,87,1019.0,13.0,2.1,40.16,-8.33
207,Nizhnekamsk,90,RU,1511026200,97,1019.0,0.0,8.0,55.64,51.82
208,Mathura,0,IN,1511029578,75,1007.39,17.95,3.16,27.5,77.68
209,Yellowknife,75,CA,1511028000,76,1018.0,-22.0,4.6,62.46,-114.35
210,Cidreira,88,BR,1511029285,79,1009.18,23.9,4.56,-30.18,-50.21
211,Ilulissat,20,GL,1511027400,54,1035.0,-18.0,0.5,69.22,-51.1
212,Rikitea,48,PF,1511029223,100,1031.47,22.78,8.31,-23.12,-134.97
213,High Prairie,92,CA,1511029583,72,934.68,-3.33,2.96,55.43,-116.49
214,Amparihy,75,MG,1511028000,83,1017.0,23.0,1.0,-25.02,46.97
215,Cabo San Lucas,5,MX,1511027520,18,1016.0,33.0,1.61,22.89,-109.91
216,Varnek,8,RU,1511029529,100,1020.85,-8.9,4.46,69.71,60.05
217,Luderitz,0,NA,1511029584,57,1010.39,17.95,7.66,-26.65,15.16
218,Jamestown,90,US,1511027760,100,998.0,8.0,5.7,42.1,-79.24
219,Bengkulu,76,ID,1511029362,100,1015.09,25.9,3.06,-3.8,102.27
220,Jiaozuo,88,CN,1511029585,60,981.94,-4.15,0.86,35.24,113.23
221,Fredericksburg,1,US,1511027760,51,1006.0,15.0,7.7,38.3,-77.46
222,El Trompillo,75,BO,1511028000,78,1006.0,27.0,5.7,-17.8,-63.17
223,Rikitea,48,PF,1511029223,100,1031.47,22.78,8.31,-23.12,-134.97
224,Tiksi,64,RU,1511029567,84,1011.85,-12.65,3.46,71.69,128.87
225,Lorengau,32,PG,1511029562,100,1017.53,28.68,3.11,-2.02,147.27
226,Souillac,40,MU,1511028000,83,1017.0,25.0,2.6,-20.52,57.52
227,Albany,90,US,1511027640,44,1006.0,7.0,6.7,42.65,-73.76
228,Nizhnekamsk,90,RU,1511026200,97,1019.0,0.0,8.0,55.64,51.82
229,Yellowknife,75,CA,1511028000,76,1018.0,-22.0,4.6,62.46,-114.35
230,Dresden,75,DE,1511027400,69,1012.0,4.0,6.7,51.05,13.74
231,Kloulklubed,90,PW,1511027460,88,1008.0,27.0,2.6,7.04,134.26
232,Ushuaia,75,AR,1511024400,93,989.0,2.0,12.9,-54.8,-68.3
233,Hithadhoo,56,MV,1511029587,100,1023.36,28.25,4.41,-0.6,73.08
234,Yumen,0,CN,1511029588,84,857.51,-5.48,4.76,40.28,97.2
235,Rikitea,48,PF,1511029223,100,1031.47,22.78,8.31,-23.12,-134.97
236,Port Keats,36,AU,1511029589,100,1015.74,25.33,3.96,-14.25,129.55
237,Talnakh,36,RU,1511029589,95,1011.85,-26.8,1.41,69.49,88.4
238,Dickson,90,US,1511028720,88,999.0,20.0,6.7,36.08,-87.39
239,Rudnik,24,RU,1511029513,73,1010.72,-14.4,2.56,69.75,61.65
240,Puerto Ayora,40,EC,1511024400,50,1014.0,25.0,7.2,-0.74,-90.35
241,Geraldton,90,AU,1511026200,77,1013.0,18.0,2.6,-28.77,114.6
242,Mathura,0,IN,1511029578,75,1007.39,17.95,3.16,27.5,77.68
243,Canakkale,75,TR,1511028480,100,1012.0,13.0,2.6,40.15,26.41
244,Albany,90,US,1511027640,44,1006.0,7.0,6.7,42.65,-73.76
245,Ushuaia,75,AR,1511024400,93,989.0,2.0,12.9,-54.8,-68.3
246,Vaini,75,TO,1511028000,94,1010.0,26.0,2.1,-21.2,-175.2
247,Port Alfred,0,ZA,1511029477,88,1020.04,16.93,2.76,-33.59,26.89
248,Hirara,56,JP,1511029592,100,1030.09,23.08,13.51,24.8,125.28
249,Barenburg,40,DE,1511027400,86,1012.0,4.0,5.1,52.62,8.8
250,El Trompillo,75,BO,1511028000,78,1006.0,27.0,5.7,-17.8,-63.17
251,Port Lincoln,24,AU,1511029400,95,1022.55,16.95,6.26,-34.73,135.87
252,Kashechewan,80,CA,1511029539,89,1017.69,-2.48,4.56,52.3,-81.62
253,Puerto Ayora,40,EC,1511024400,50,1014.0,25.0,7.2,-0.74,-90.35
254,Vestmannaeyjar,40,IS,1511028000,79,1021.0,-2.0,5.7,63.44,-20.27
255,Komsomolskiy,0,UZ,1511024400,74,1030.0,5.0,2.1,40.43,71.72
256,Rikitea,48,PF,1511029223,100,1031.47,22.78,8.31,-23.12,-134.97
257,Hermanus,0,ZA,1511029576,59,988.42,17.35,1.66,-34.42,19.23
258,Maragogi,92,BR,1511029594,79,1015.5,26.78,4.21,-9.01,-35.22
259,Vaini,75,TO,1511028000,94,1010.0,26.0,2.1,-21.2,-175.2
260,Hobart,0,AU,1511028000,72,1022.0,16.0,3.6,-42.88,147.33
261,Torbay,90,CA,1511028000,100,993.0,7.0,5.7,47.67,-52.73
262,Sibolga,88,ID,1511029595,100,942.54,20.33,0.56,1.74,98.78
263,Tadine,92,NC,1511029596,100,1023.61,21.03,4.01,-21.55,167.88
264,Tuktoyaktuk,90,CA,1511028000,84,1023.0,-16.0,2.6,69.45,-133.04
265,Road Town,40,VG,1511028000,83,1009.0,26.0,2.6,18.42,-64.62
266,Starobesheve,48,UA,1511029597,93,1006.66,0.28,3.11,47.75,38.03
267,Balclutha,0,NZ,1511029579,80,1020.44,4.8,1.46,-46.23,169.75
268,Husavik,40,IS,1511024400,85,1023.0,-6.0,1.0,66.04,-17.34
269,Mar del Plata,40,AR,1511024400,62,1007.0,14.0,4.1,-38.0,-57.56
270,Amparihy,75,MG,1511028000,83,1017.0,23.0,1.0,-25.02,46.97
271,Carnarvon,0,AU,1511029552,100,1023.85,20.08,5.81,-24.87,113.63
272,Port Alfred,0,ZA,1511029477,88,1020.04,16.93,2.76,-33.59,26.89
273,Khatanga,24,RU,1511029568,60,1033.98,-21.4,5.06,71.97,102.5
274,Dalton,44,ZA,1511029599,53,927.31,18.3,1.11,-29.34,30.63
275,Severo-Kurilsk,92,RU,1511029573,100,1013.23,2.85,15.61,50.68,156.12
276,Auki,88,SB,1511029599,100,1002.69,25.25,1.96,-8.77,160.7
277,Bongandanga,44,CD,1511029600,94,975.37,22.93,0.31,1.5,21.05
278,Cherskiy,92,RU,1511029563,88,1001.96,-10.55,2.41,68.75,161.3
279,Tongliao,0,CN,1511029600,45,1020.04,-13.25,4.81,43.61,122.27
280,Bambous Virieux,40,MU,1511028000,83,1017.0,25.0,2.6,-20.34,57.76
281,Hilo,1,US,1511027580,82,1012.0,19.0,1.5,19.73,-155.09
282,Punta Arenas,75,CL,1511024400,70,995.0,6.0,15.4,-53.15,-70.92
283,Jinhua,48,CN,1511029546,57,902.1,-15.83,3.31,41.43,128.03
284,Starobesheve,48,UA,1511029597,93,1006.66,0.28,3.11,47.75,38.03
285,Kapaa,1,US,1511027760,93,1013.0,22.0,3.1,22.08,-159.32
286,Narsaq,90,GL,1511027400,57,1021.0,-5.0,2.1,60.92,-46.05
287,Mathura,0,IN,1511029578,75,1007.39,17.95,3.16,27.5,77.68
288,Mopti,0,ML,1511028000,28,1010.0,28.0,2.1,14.49,-4.19
289,Noumea,0,NC,1511028000,77,1011.0,17.0,3.26,-22.28,166.46
290,Zeya,0,RU,1511029603,90,961.03,-29.93,1.11,53.75,127.27
291,Codrington,0,AU,1511029604,91,1029.44,16.58,3.41,-38.27,141.97
292,Liaozhong,0,CN,1511026200,56,1027.0,-11.0,4.91,41.51,122.72
293,Tuatapere,80,NZ,1511029605,100,1012.99,7.93,2.06,-46.13,167.68
294,Hermanus,0,ZA,1511029576,59,988.42,17.35,1.66,-34.42,19.23
295,Atuona,80,PF,1511029524,100,1025.23,26.25,7.01,-9.8,-139.03
296,Hilo,1,US,1511027580,82,1012.0,19.0,1.5,19.73,-155.09
297,Sayyan,0,YE,1511029606,33,790.72,3.93,2.11,15.17,44.32
298,Zhigansk,56,RU,1511029606,72,1026.28,-26.83,3.11,66.77,123.37
299,Punta Arenas,75,CL,1511024400,70,995.0,6.0,15.4,-53.15,-70.92
300,Ribeira Grande,75,PT,1511028000,94,1013.0,20.0,5.7,38.52,-28.7
301,Rikitea,48,PF,1511029223,100,1031.47,22.78,8.31,-23.12,-134.97
302,Albany,90,US,1511027640,44,1006.0,7.0,6.7,42.65,-73.76
303,Rudnik,24,RU,1511029513,73,1010.72,-14.4,2.56,69.75,61.65
304,Hermanus,0,ZA,1511029576,59,988.42,17.35,1.66,-34.42,19.23
305,Victoria,75,CA,1511028000,87,1023.0,11.0,2.1,48.43,-123.37
306,Kahului,20,US,1511027760,88,1012.0,21.0,1.5,20.89,-156.47
307,Lompoc,1,US,1511027880,71,1023.0,18.0,2.11,34.64,-120.46
308,Amparihy,75,MG,1511028000,83,1017.0,23.0,1.0,-25.02,46.97
309,Vaini,75,TO,1511028000,94,1010.0,26.0,2.1,-21.2,-175.2
310,Bambous Virieux,40,MU,1511028000,83,1017.0,25.0,2.6,-20.34,57.76
311,Ode,0,NG,1511029609,51,973.59,28.55,1.91,7.79,5.71
312,Dubti,0,ET,1511029610,44,964.59,22.55,4.06,11.74,41.09
313,Tiksi,64,RU,1511029567,84,1011.85,-12.65,3.46,71.69,128.87
314,Barrow,90,US,1511027580,85,1024.0,-12.0,2.6,71.29,-156.79
315,Mathura,0,IN,1511029578,75,1007.39,17.95,3.16,27.5,77.68
316,Mathura,0,IN,1511029578,75,1007.39,17.95,3.16,27.5,77.68
317,Coihaique,40,CL,1511024400,51,1006.0,15.0,4.6,-45.58,-72.07
318,Butaritari,0,KI,1511029530,100,1020.2,28.58,0.51,3.07,172.79
319,Khatanga,24,RU,1511029568,60,1033.98,-21.4,5.06,71.97,102.5
320,Touros,0,BR,1511029611,65,1018.82,29.28,6.61,-5.2,-35.46
321,Chuy,64,UY,1511029515,80,1020.44,16.43,10.21,-33.7,-53.46
322,Albany,90,US,1511027640,44,1006.0,7.0,6.7,42.65,-73.76
323,Puerto Ayora,40,EC,1511024400,50,1014.0,25.0,7.2,-0.74,-90.35
324,Tunceli,0,TR,1511027400,52,1021.0,12.0,3.6,39.11,39.55
325,Port Alfred,0,ZA,1511029477,88,1020.04,16.93,2.76,-33.59,26.89
326,Busselton,76,AU,1511029547,100,1024.9,16.18,4.86,-33.65,115.33
327,Shawville,92,CA,1511029613,83,996.77,-0.83,1.96,45.6,-76.48
328,Mathura,0,IN,1511029578,75,1007.39,17.95,3.16,27.5,77.68
329,Hermanus,0,ZA,1511029576,59,988.42,17.35,1.66,-34.42,19.23
330,Hermanus,0,ZA,1511029576,59,988.42,17.35,1.66,-34.42,19.23
331,Rikitea,48,PF,1511029223,100,1031.47,22.78,8.31,-23.12,-134.97
332,Lagoa,24,PT,1511029614,97,1026.28,20.0,8.41,39.05,-27.98
333,Arraial do Cabo,20,BR,1511028000,70,1005.0,32.0,10.3,-22.97,-42.03
334,Awjilah,0,LY,1511029615,48,1025.47,14.1,3.31,29.11,21.29
335,Geraldton,90,AU,1511026200,77,1013.0,18.0,2.6,-28.77,114.6
336,Bengkulu,76,ID,1511029362,100,1015.09,25.9,3.06,-3.8,102.27
337,Barrow,90,US,1511027580,85,1024.0,-12.0,2.6,71.29,-156.79
338,Bethel,20,US,1511027760,75,1008.0,10.0,2.6,41.37,-73.41
339,Starobesheve,48,UA,1511029597,93,1006.66,0.28,3.11,47.75,38.03
340,Arraial do Cabo,20,BR,1511028000,70,1005.0,32.0,10.3,-22.97,-42.03
341,Kita,48,ML,1511029617,24,984.21,28.55,2.71,13.03,-9.49
342,Albany,90,US,1511027640,44,1006.0,7.0,6.7,42.65,-73.76
343,Bluff,0,NZ,1511029539,100,1036.74,10.35,4.46,-46.6,168.33
344,Kuytun,88,RU,1511029618,83,972.7,-10.25,1.06,54.34,101.5
345,Hilo,1,US,1511027580,82,1012.0,19.0,1.5,19.73,-155.09
346,Ushuaia,75,AR,1511024400,93,989.0,2.0,12.9,-54.8,-68.3
347,Brigantine,20,US,1511027760,50,1009.0,13.0,5.7,39.41,-74.36
348,Castro,80,BR,1511029299,78,901.77,23.05,5.36,-24.79,-50.01
349,Balclutha,0,NZ,1511029579,80,1020.44,4.8,1.46,-46.23,169.75
350,Fukue,20,JP,1511029619,100,1035.03,13.15,11.71,32.69,128.84
351,Ushuaia,75,AR,1511024400,93,989.0,2.0,12.9,-54.8,-68.3
352,Manoel Urbano,64,BR,1511029504,67,999.93,31.03,1.41,-8.84,-69.26
353,Margate,90,GB,1511027400,81,1019.0,10.0,4.6,51.38,1.39
354,Stephenville,1,US,1511027700,37,1019.0,21.0,10.3,32.22,-98.2
355,Puerto Ayora,40,EC,1511024400,50,1014.0,25.0,7.2,-0.74,-90.35
356,Albany,90,US,1511027640,44,1006.0,7.0,6.7,42.65,-73.76
357,Albany,90,US,1511027640,44,1006.0,7.0,6.7,42.65,-73.76
358,Punta Arenas,75,CL,1511024400,70,995.0,6.0,15.4,-53.15,-70.92
359,Ushuaia,75,AR,1511024400,93,989.0,2.0,12.9,-54.8,-68.3
360,Rikitea,48,PF,1511029223,100,1031.47,22.78,8.31,-23.12,-134.97
361,Puerto Ayora,40,EC,1511024400,50,1014.0,25.0,7.2,-0.74,-90.35
362,Srivardhan,36,IN,1511029622,79,1008.12,22.93,2.96,18.03,73.02
363,Rafai,76,CF,1511029623,100,959.65,20.58,1.16,4.95,23.92
364,Rikitea,48,PF,1511029223,100,1031.47,22.78,8.31,-23.12,-134.97
365,Busselton,76,AU,1511029547,100,1024.9,16.18,4.86,-33.65,115.33
366,Amparihy,75,MG,1511028000,83,1017.0,23.0,1.0,-25.02,46.97
367,Ribeira Grande,75,PT,1511028000,94,1013.0,20.0,5.7,38.52,-28.7
368,Port Hardy,90,CA,1511028000,93,1015.0,6.0,5.7,50.7,-127.42
369,Turbat,0,PK,1511029624,26,1013.64,15.43,3.36,26.0,63.04
370,Hithadhoo,56,MV,1511029587,100,1023.36,28.25,4.41,-0.6,73.08
371,Port Elizabeth,0,ZA,1511028000,87,1015.0,15.0,1.0,-33.92,25.57
372,Jamestown,90,US,1511027760,100,998.0,8.0,5.7,42.1,-79.24
373,Nanortalik,24,GL,1511029529,98,1022.07,-1.9,13.91,60.14,-45.24
374,Bredasdorp,0,ZA,1511028000,68,1014.0,18.0,6.7,-34.53,20.04
375,Harlingen,1,US,1511027700,62,1011.0,31.0,8.2,26.19,-97.7
376,Vaini,75,TO,1511028000,94,1010.0,26.0,2.1,-21.2,-175.2
377,Dalvik,40,IS,1511024400,85,1023.0,-6.0,1.0,65.97,-18.53
378,Zelenoborsk,76,RU,1511029626,87,1013.47,-7.33,2.21,61.47,64.03
379,Tuktoyaktuk,90,CA,1511028000,84,1023.0,-16.0,2.6,69.45,-133.04
380,Torbay,90,CA,1511028000,100,993.0,7.0,5.7,47.67,-52.73
381,Isabela,48,PH,1511029627,97,998.88,23.28,1.16,10.2,122.99
382,Klaksvik,48,FO,1511027400,74,1016.0,3.0,11.3,62.23,-6.59
383,Hobart,0,AU,1511028000,72,1022.0,16.0,3.6,-42.88,147.33
384,Ploemeur,40,FR,1511028000,93,1027.0,7.0,1.5,47.73,-3.43
385,Punta Arenas,75,CL,1511024400,70,995.0,6.0,15.4,-53.15,-70.92
386,Hermanus,0,ZA,1511029576,59,988.42,17.35,1.66,-34.42,19.23
387,Provideniya,92,RU,1511029629,100,1009.82,1.28,12.66,64.38,-173.3
388,Bay Roberts,90,CA,1511028000,87,994.0,7.0,2.1,47.6,-53.26
389,Tuktoyaktuk,90,CA,1511028000,84,1023.0,-16.0,2.6,69.45,-133.04
390,Ushuaia,75,AR,1511024400,93,989.0,2.0,12.9,-54.8,-68.3
391,Albany,90,US,1511027640,44,1006.0,7.0,6.7,42.65,-73.76
392,Hermanus,0,ZA,1511029576,59,988.42,17.35,1.66,-34.42,19.23
393,Fereydun Kenar,0,IR,1511028000,87,1022.0,16.0,2.1,36.69,52.52
394,Amparihy,75,MG,1511028000,83,1017.0,23.0,1.0,-25.02,46.97
395,Pitimbu,75,BR,1511028000,55,1010.0,30.0,6.2,-7.47,-34.81
396,Westport,1,US,1511027760,61,1009.0,12.0,4.6,41.14,-73.36
397,Butaritari,0,KI,1511029530,100,1020.2,28.58,0.51,3.07,172.79
398,Wuwei,36,CN,1511029632,67,806.61,-10.73,1.21,37.93,102.64
399,Barenburg,40,DE,1511027400,86,1012.0,4.0,5.1,52.62,8.8
400,Ushuaia,75,AR,1511024400,93,989.0,2.0,12.9,-54.8,-68.3
401,Mathura,0,IN,1511029578,75,1007.39,17.95,3.16,27.5,77.68
402,Busselton,76,AU,1511029547,100,1024.9,16.18,4.86,-33.65,115.33
403,Norman Wells,90,CA,1511028000,70,1024.0,-20.0,4.6,65.28,-126.83
404,Beringovskiy,92,RU,1511029410,93,1002.61,1.6,7.01,63.05,179.32
405,Victoria,75,CA,1511028000,87,1023.0,11.0,2.1,48.43,-123.37
406,Thunder Bay,75,CA,1511028000,74,1006.0,-2.0,4.6,48.4,-89.32
407,Lagoa,24,PT,1511029614,97,1026.28,20.0,8.41,39.05,-27.98
408,Neiafu,40,TO,1511028000,88,1010.0,27.0,2.1,-18.65,-173.98
409,Karratha,0,AU,1511029634,63,1008.28,22.0,3.86,-20.74,116.85
410,Chokurdakh,80,RU,1511029545,81,1018.17,-14.4,5.81,70.63,147.92
411,Santiago del Estero,12,AR,1511029635,26,1005.85,24.95,3.56,-27.8,-64.26
412,Atuona,80,PF,1511029524,100,1025.23,26.25,7.01,-9.8,-139.03
413,Maracai,68,BR,1511029635,90,962.16,25.1,4.71,-22.61,-50.67
414,Vaini,75,TO,1511028000,94,1010.0,26.0,2.1,-21.2,-175.2
415,New Norfolk,0,AU,1511028000,72,1022.0,16.0,3.6,-42.78,147.06
416,Souillac,40,MU,1511028000,83,1017.0,25.0,2.6,-20.52,57.52
417,Avarua,75,CK,1511028000,78,1015.0,26.0,5.1,-21.21,-159.78
418,Mirnyy,36,RU,1511029636,68,993.21,-26.6,2.11,62.54,113.96
419,Yamada,56,JP,1511029403,100,1011.85,5.68,8.81,39.47,141.95
420,Rikitea,48,PF,1511029223,100,1031.47,22.78,8.31,-23.12,-134.97
421,Vanimo,76,PG,1511029637,100,1019.39,28.35,6.91,-2.67,141.3
422,Touros,0,BR,1511029611,65,1018.82,29.28,6.61,-5.2,-35.46
423,Torbay,90,CA,1511028000,100,993.0,7.0,5.7,47.67,-52.73
424,Albany,90,US,1511027640,44,1006.0,7.0,6.7,42.65,-73.76
425,Palana,68,RU,1511029638,90,1019.55,0.18,10.36,59.12,159.97
426,Griffith,90,US,1511028900,100,996.0,8.0,7.7,41.53,-87.42
427,Hemsedal,12,NO,1511029639,77,882.24,-1.95,2.96,60.86,8.55
428,Punta Arenas,75,CL,1511024400,70,995.0,6.0,15.4,-53.15,-70.92
429,Hithadhoo,56,MV,1511029587,100,1023.36,28.25,4.41,-0.6,73.08
430,Skelleftea,90,SE,1511027400,92,998.0,-7.0,2.6,64.75,20.95
431,Kashechewan,80,CA,1511029539,89,1017.69,-2.48,4.56,52.3,-81.62
432,Ushuaia,75,AR,1511024400,93,989.0,2.0,12.9,-54.8,-68.3
433,Conceicao da Barra,56,BR,1511029640,83,1023.69,26.28,5.56,-18.59,-39.73
434,Ushuaia,75,AR,1511024400,93,989.0,2.0,12.9,-54.8,-68.3
435,Cayenne,0,GF,1511028000,70,1007.0,30.0,4.6,4.93,-52.33
436,Mahebourg,40,MU,1511028000,83,1017.0,25.0,2.6,-20.41,57.7
437,Kapaa,1,US,1511027760,93,1013.0,22.0,3.1,22.08,-159.32
438,Port Alfred,0,ZA,1511029477,88,1020.04,16.93,2.76,-33.59,26.89
439,Jamestown,90,US,1511027760,100,998.0,8.0,5.7,42.1,-79.24
440,Hamilton,90,CA,1511028780,100,996.0,9.0,4.1,43.23,-79.95
441,Niono,36,ML,1511029643,31,990.78,26.9,2.06,14.25,-5.99
442,Barenburg,40,DE,1511027400,86,1012.0,4.0,5.1,52.62,8.8
443,Ushuaia,75,AR,1511024400,93,989.0,2.0,12.9,-54.8,-68.3
444,Mahajanga,40,MG,1511028000,83,1012.0,27.0,3.6,-15.72,46.32
445,Hilo,1,US,1511027580,82,1012.0,19.0,1.5,19.73,-155.09
446,New Norfolk,0,AU,1511028000,72,1022.0,16.0,3.6,-42.78,147.06
447,Fukuma,75,JP,1511026200,100,1019.0,10.0,7.2,33.77,130.47
448,Kamenka,44,RU,1511029645,92,1019.31,-0.98,3.96,51.32,42.77
449,Atuona,80,PF,1511029524,100,1025.23,26.25,7.01,-9.8,-139.03
450,Ushuaia,75,AR,1511024400,93,989.0,2.0,12.9,-54.8,-68.3
451,Tingi,8,TZ,1511029646,100,942.3,26.43,2.21,-11.3,35.03
452,Pyt-Yakh,68,RU,1511029567,87,1018.9,-5.9,4.01,60.75,72.86
453,Albany,90,US,1511027640,44,1006.0,7.0,6.7,42.65,-73.76
454,Punta Arenas,75,CL,1511024400,70,995.0,6.0,15.4,-53.15,-70.92
455,Bluff,0,NZ,1511029539,100,1036.74,10.35,4.46,-46.6,168.33
456,Rudnik,24,RU,1511029513,73,1010.72,-14.4,2.56,69.75,61.65
457,Vagur,20,FO,1511029647,100,1029.2,6.9,12.86,61.47,-6.81
458,Provideniya,92,RU,1511029629,100,1009.82,1.28,12.66,64.38,-173.3
459,Bjelovar,0,HR,1511028000,93,1018.0,3.0,1.5,45.9,16.85
460,Kapaa,1,US,1511027760,93,1013.0,22.0,3.1,22.08,-159.32
461,Lorengau,32,PG,1511029562,100,1017.53,28.68,3.11,-2.02,147.27
462,Axim,20,GH,1511029648,100,1020.2,27.4,5.81,4.87,-2.24
463,Rikitea,48,PF,1511029223,100,1031.47,22.78,8.31,-23.12,-134.97
464,Varnek,8,RU,1511029529,100,1020.85,-8.9,4.46,69.71,60.05
465,Bredasdorp,0,ZA,1511028000,68,1014.0,18.0,6.7,-34.53,20.04
466,Hambantota,64,LK,1511029649,100,1020.93,27.68,0.96,6.12,81.12
467,Tiksi,64,RU,1511029567,84,1011.85,-12.65,3.46,71.69,128.87
468,Mathura,0,IN,1511029578,75,1007.39,17.95,3.16,27.5,77.68
469,Tsiombe,8,MG,1511029570,71,1013.72,19.5,2.76,-25.3,45.48
470,Hope,20,US,1511027580,47,1008.0,24.0,13.9,33.67,-93.59
471,Arraial do Cabo,20,BR,1511028000,70,1005.0,32.0,10.3,-22.97,-42.03
472,Kodiak,1,US,1511027580,100,1014.0,0.0,3.1,57.79,-152.41
473,Rikitea,48,PF,1511029223,100,1031.47,22.78,8.31,-23.12,-134.97
474,Saint-Philippe,0,RE,1511028000,83,1016.0,24.0,2.1,-21.36,55.77
475,Pangkalanbuun,24,ID,1511029650,96,1010.39,23.15,1.21,-2.68,111.62
476,Albany,90,US,1511027640,44,1006.0,7.0,6.7,42.65,-73.76
477,Ionia,90,US,1511029140,100,995.0,6.0,4.1,42.99,-85.07
478,Boshnyakovo,80,RU,1511029652,100,986.64,-7.5,7.91,49.63,142.17
479,Ostrovnoy,80,RU,1511029652,98,985.26,-5.58,2.31,68.05,39.51
480,Rikitea,48,PF,1511029223,100,1031.47,22.78,8.31,-23.12,-134.97
481,Codrington,0,AU,1511029604,91,1029.44,16.58,3.41,-38.27,141.97
482,Pacific Grove,1,US,1511027700,66,1023.0,13.0,1.5,36.62,-121.92
483,Verkhnyaya Inta,32,RU,1511029653,76,1002.45,-13.7,1.86,65.98,60.31
484,Georgetown,75,GY,1511024400,66,1008.0,32.0,4.1,6.8,-58.16
485,Tezu,0,IN,1511029653,76,882.72,13.83,0.71,27.92,96.17
486,Mathura,0,IN,1511029578,75,1007.39,17.95,3.16,27.5,77.68
487,Albany,90,US,1511027640,44,1006.0,7.0,6.7,42.65,-73.76
488,Bengkulu,76,ID,1511029362,100,1015.09,25.9,3.06,-3.8,102.27
489,Colomi,40,BO,1511028000,18,1014.0,31.0,6.2,-17.35,-65.87
490,Mitsamiouli,20,KM,1511028000,94,1013.0,25.0,3.1,-11.38,43.28
491,Jinhua,48,CN,1511029546,57,902.1,-15.83,3.31,41.43,128.03
492,Punta Arenas,75,CL,1511024400,70,995.0,6.0,15.4,-53.15,-70.92
493,Rikitea,48,PF,1511029223,100,1031.47,22.78,8.31,-23.12,-134.97
494,Busselton,76,AU,1511029547,100,1024.9,16.18,4.86,-33.65,115.33
495,Monteprandone,75,IT,1511027400,66,1016.0,12.0,2.6,42.92,13.84
496,Saint-Joseph,0,RE,1511028000,83,1016.0,24.0,2.1,-21.37,55.62
497,Mar del Plata,40,AR,1511024400,62,1007.0,14.0,4.1,-38.0,-57.56
498,Ushuaia,75,AR,1511024400,93,989.0,2.0,12.9,-54.8,-68.3
499,Arraial do Cabo,20,BR,1511028000,70,1005.0,32.0,10.3,-22.97,-42.03
500,Norman Wells,90,CA,1511028000,70,1024.0,-20.0,4.6,65.28,-126.83
501,New Norfolk,0,AU,1511028000,72,1022.0,16.0,3.6,-42.78,147.06
502,Vaini,75,TO,1511028000,94,1010.0,26.0,2.1,-21.2,-175.2
503,Saint-Ambroise,90,CA,1511028000,79,1008.0,-7.0,1.5,48.55,-71.33
504,Tasiilaq,20,GL,1511027400,57,1027.0,-8.0,1.5,65.61,-37.64
505,Esperance,8,AU,1511029659,98,1011.93,15.43,1.46,-33.87,121.9
506,Ostrovnoy,80,RU,1511029652,98,985.26,-5.58,2.31,68.05,39.51
507,Pisco,0,PE,1511028000,77,1013.0,20.0,5.1,-13.7,-76.22
508,Cape Town,20,ZA,1511028000,82,1016.0,16.0,5.1,-33.93,18.42
509,Kashechewan,80,CA,1511029539,89,1017.69,-2.48,4.56,52.3,-81.62
510,Castro,80,BR,1511029299,78,901.77,23.05,5.36,-24.79,-50.01
511,Mathura,0,IN,1511029578,75,1007.39,17.95,3.16,27.5,77.68
512,Bluff,0,NZ,1511029539,100,1036.74,10.35,4.46,-46.6,168.33
513,Rakai,56,UG,1511029660,95,877.05,17.55,1.21,-0.72,31.48
514,Roma,0,IT,1511027700,66,1014.0,12.0,2.6,41.89,12.48
515,Nanortalik,24,GL,1511029529,98,1022.07,-1.9,13.91,60.14,-45.24
516,Riyadh,0,SA,1511028000,34,1021.0,20.0,1.5,24.69,46.72
517,Chuy,64,UY,1511029515,80,1020.44,16.43,10.21,-33.7,-53.46
518,Harper,40,LR,1511024400,83,1008.0,28.0,3.1,4.38,-7.72
519,Pyt-Yakh,68,RU,1511029567,87,1018.9,-5.9,4.01,60.75,72.86
520,Rudnik,24,RU,1511029513,73,1010.72,-14.4,2.56,69.75,61.65
521,Amparihy,75,MG,1511028000,83,1017.0,23.0,1.0,-25.02,46.97
522,Punta Arenas,75,CL,1511024400,70,995.0,6.0,15.4,-53.15,-70.92
523,Dikson,12,RU,1511029663,100,1037.06,-20.18,4.66,73.51,80.55
524,Hermanus,0,ZA,1511029576,59,988.42,17.35,1.66,-34.42,19.23
525,Port Alfred,0,ZA,1511029477,88,1020.04,16.93,2.76,-33.59,26.89
526,Los Llanos de Aridane,75,ES,1511028000,68,1016.0,22.0,2.6,28.66,-17.92
527,Atuona,80,PF,1511029524,100,1025.23,26.25,7.01,-9.8,-139.03
528,Cape Town,20,ZA,1511028000,82,1016.0,16.0,5.1,-33.93,18.42
529,Jambi,76,ID,1511029665,98,1019.07,24.08,1.16,-1.6,103.62
530,Pskov,56,RU,1511028000,80,1006.0,4.0,5.0,57.81,28.35
531,Pierre,1,US,1511027580,68,1021.0,-1.0,8.2,44.37,-100.35
532,Punta Arenas,75,CL,1511024400,70,995.0,6.0,15.4,-53.15,-70.92
533,Punta Arenas,75,CL,1511024400,70,995.0,6.0,15.4,-53.15,-70.92
534,Bluff,0,NZ,1511029539,100,1036.74,10.35,4.46,-46.6,168.33
535,Bluff,0,NZ,1511029539,100,1036.74,10.35,4.46,-46.6,168.33
536,Pevek,88,RU,1511029666,86,1003.1,-3.58,6.91,69.7,170.31
537,Kodiak,1,US,1511027580,100,1014.0,0.0,3.1,57.79,-152.41
538,Arraial do Cabo,20,BR,1511028000,70,1005.0,32.0,10.3,-22.97,-42.03
539,Ushuaia,75,AR,1511024400,93,989.0,2.0,12.9,-54.8,-68.3
540,Punta Arenas,75,CL,1511024400,70,995.0,6.0,15.4,-53.15,-70.92
541,San Patricio,20,MX,1511023800,66,1013.0,32.0,1.61,19.22,-104.7
542,Chokurdakh,80,RU,1511029545,81,1018.17,-14.4,5.81,70.63,147.92
543,Port Alfred,0,ZA,1511029477,88,1020.04,16.93,2.76,-33.59,26.89
544,Butaritari,0,KI,1511029530,100,1020.2,28.58,0.51,3.07,172.79
545,Bredasdorp,0,ZA,1511028000,68,1014.0,18.0,6.7,-34.53,20.04
546,Makakilo City,1,US,1511027820,77,1013.0,25.0,2.6,21.35,-158.09
547,Mehran,0,IR,1511028000,45,1024.0,9.0,2.1,33.12,46.16
548,Tarko-Sale,68,RU,1511029670,85,1022.23,-16.15,2.86,64.92,77.78
549,Beringovskiy,92,RU,1511029410,93,1002.61,1.6,7.01,63.05,179.32
550,Pizhanka,88,RU,1511029670,93,1014.2,0.33,5.51,57.46,48.54
551,Coihaique,40,CL,1511024400,51,1006.0,15.0,4.6,-45.58,-72.07
552,Santa Marta,75,CO,1511024400,83,1009.0,29.0,8.2,11.24,-74.2
553,Ponta do Sol,40,PT,1511028000,68,1018.0,20.0,5.1,32.67,-17.1
554,Aswan,0,EG,1511024400,42,1011.0,28.0,2.6,24.09,32.91
555,Jinhua,48,CN,1511029546,57,902.1,-15.83,3.31,41.43,128.03
556,Cape Town,20,ZA,1511028000,82,1016.0,16.0,5.1,-33.93,18.42
557,Pascagoula,1,US,1511027760,57,1013.0,27.0,4.1,30.37,-88.56
558,Qaanaaq,32,GL,1511029477,100,1019.39,-19.45,4.81,77.48,-69.36
559,Pangnirtung,5,CA,1511028000,45,1036.0,-15.0,1.5,66.15,-65.71
560,Dudinka,68,RU,1511029673,65,1026.52,-22.43,1.86,69.41,86.18
561,Bluff,0,NZ,1511029539,100,1036.74,10.35,4.46,-46.6,168.33
562,Rikitea,48,PF,1511029223,100,1031.47,22.78,8.31,-23.12,-134.97
563,Tuktoyaktuk,90,CA,1511028000,84,1023.0,-16.0,2.6,69.45,-133.04
564,Hilo,1,US,1511027580,82,1012.0,19.0,1.5,19.73,-155.09
565,Sasso Marconi,0,IT,1511027700,87,1017.0,10.0,3.1,44.4,11.25
566,Amparihy,75,MG,1511028000,83,1017.0,23.0,1.0,-25.02,46.97
567,Lebu,0,CL,1511029675,98,1031.55,13.05,8.61,-37.62,-73.65
568,Huarmey,8,PE,1511029675,49,954.7,23.9,2.16,-10.07,-78.15
569,Lavrentiya,92,RU,1511029676,100,1018.17,-0.33,12.56,65.58,-171.0
570,San Luis de Palenque,12,CO,1511029676,61,993.21,32.78,4.91,5.42,-71.73
571,Provideniya,92,RU,1511029629,100,1009.82,1.28,12.66,64.38,-173.3
572,Hithadhoo,56,MV,1511029587,100,1023.36,28.25,4.41,-0.6,73.08
573,Carnot,8,CF,1511029677,69,949.27,25.55,1.21,4.94,15.87
574,El Trompillo,75,BO,1511028000,78,1006.0,27.0,5.7,-17.8,-63.17
575,Mathura,0,IN,1511029578,75,1007.39,17.95,3.16,27.5,77.68
576,Mathura,0,IN,1511029578,75,1007.39,17.95,3.16,27.5,77.68
577,Beihai,92,CN,1511029678,100,1028.96,16.68,7.81,21.48,109.1
578,Yarkovo,68,RU,1511029678,92,1025.23,-4.23,3.66,57.4,67.08
579,Codrington,0,AU,1511029604,91,1029.44,16.58,3.41,-38.27,141.97
580,Robertsport,36,LR,1511029679,100,1019.8,26.6,4.31,6.75,-11.37
581,Victoria,75,CA,1511028000,87,1023.0,11.0,2.1,48.43,-123.37
582,Naze,8,JP,1511029557,100,1027.9,19.25,9.76,28.37,129.48
583,Yar-Sale,88,RU,1511029680,93,1025.63,-8.7,4.16,66.83,70.83
584,Rikitea,48,PF,1511029223,100,1031.47,22.78,8.31,-23.12,-134.97
585,Ushuaia,75,AR,1511024400,93,989.0,2.0,12.9,-54.8,-68.3
586,Csepreg,0,HU,1511027100,85,1018.0,2.0,1.0,47.4,16.71
587,Ushuaia,75,AR,1511024400,93,989.0,2.0,12.9,-54.8,-68.3
588,Albany,90,US,1511027640,44,1006.0,7.0,6.7,42.65,-73.76
589,Rikitea,48,PF,1511029223,100,1031.47,22.78,8.31,-23.12,-134.97
590,Flinders,48,AU,1511024400,93,1021.0,12.0,3.1,-34.58,150.86
591,Havre-Saint-Pierre,90,CA,1511028000,93,1004.0,2.0,4.1,50.23,-63.6
592,Albany,90,US,1511027640,44,1006.0,7.0,6.7,42.65,-73.76
593,New Norfolk,0,AU,1511028000,72,1022.0,16.0,3.6,-42.78,147.06
594,New Norfolk,0,AU,1511028000,72,1022.0,16.0,3.6,-42.78,147.06
595,Saint-Philippe,0,RE,1511028000,83,1016.0,24.0,2.1,-21.36,55.77
596,Saint George,1,US,1511027760,24,1030.0,8.0,1.5,37.1,-113.58
597,Hobart,0,AU,1511028000,72,1022.0,16.0,3.6,-42.88,147.33
598,Albany,90,US,1511027640,44,1006.0,7.0,6.7,42.65,-73.76
599,Talaya,0,RU,1511029684,32,922.12,-30.98,1.31,61.38,152.75
600,Iracoubo,0,GF,1511029684,62,1016.39,30.9,2.81,5.48,-53.2
601,Ushuaia,75,AR,1511024400,93,989.0,2.0,12.9,-54.8,-68.3
602,Punta Arenas,75,CL,1511024400,70,995.0,6.0,15.4,-53.15,-70.92
603,Alugan,100,PH,1511029688,100,1013.07,26.18,2.76,12.22,125.48
604,Hwange,24,ZW,1511029688,38,918.06,24.45,3.56,-18.37,26.5
605,Williston,1,US,1511028900,53,1020.0,-4.0,3.6,48.15,-103.62
606,Syasstroy,68,RU,1511029690,90,1013.72,2.93,4.36,60.14,32.57
607,Novovasylivka,36,UA,1511029690,93,1022.96,3.9,3.96,46.83,35.75
608,Bathsheba,40,BB,1511028000,70,1009.0,31.0,6.7,13.22,-59.52
609,Rikitea,48,PF,1511029223,100,1031.47,22.78,8.31,-23.12,-134.97
610,Tuktoyaktuk,90,CA,1511028000,84,1023.0,-16.0,2.6,69.45,-133.04
611,Bredasdorp,0,ZA,1511028000,68,1014.0,18.0,6.7,-34.53,20.04
612,Puerto Ayora,40,EC,1511024400,50,1014.0,25.0,7.2,-0.74,-90.35
613,New Norfolk,0,AU,1511028000,72,1022.0,16.0,3.6,-42.78,147.06
614,Kapaa,1,US,1511027760,93,1013.0,22.0,3.1,22.08,-159.32
615,Lavrentiya,92,RU,1511029676,100,1018.17,-0.33,12.56,65.58,-171.0
616,Rikitea,48,PF,1511029223,100,1031.47,22.78,8.31,-23.12,-134.97
617,Barrow,90,US,1511027580,85,1024.0,-12.0,2.6,71.29,-156.79
618,Vaini,75,TO,1511028000,94,1010.0,26.0,2.1,-21.2,-175.2
619,Murupara,88,NZ,1511029692,88,976.35,11.05,4.21,-38.47,176.7
620,Marawi,32,PH,1511029692,98,934.84,18.35,0.91,8.0,124.29
621,Jamestown,90,US,1511027760,100,998.0,8.0,5.7,42.1,-79.24
622,Bluff,0,NZ,1511029539,100,1036.74,10.35,4.46,-46.6,168.33
623,Toktogul,44,KG,1511029577,84,785.45,-12.98,0.41,41.87,72.94
624,Tasiilaq,20,GL,1511027400,57,1027.0,-8.0,1.5,65.61,-37.64
625,Tsiombe,8,MG,1511029570,71,1013.72,19.5,2.76,-25.3,45.48
626,Hobart,0,AU,1511028000,72,1022.0,16.0,3.6,-42.88,147.33
627,Vaini,75,TO,1511028000,94,1010.0,26.0,2.1,-21.2,-175.2
628,Aura,92,FI,1511027400,100,993.0,4.0,2.1,60.62,22.58
629,Busselton,76,AU,1511029547,100,1024.9,16.18,4.86,-33.65,115.33
630,Puerto Ayora,40,EC,1511024400,50,1014.0,25.0,7.2,-0.74,-90.35
631,Hermanus,0,ZA,1511029576,59,988.42,17.35,1.66,-34.42,19.23
632,Nanortalik,24,GL,1511029529,98,1022.07,-1.9,13.91,60.14,-45.24
633,Tazovskiy,76,RU,1511029695,78,1026.6,-16.48,2.96,67.47,78.7
634,Carnarvon,0,AU,1511029552,100,1023.85,20.08,5.81,-24.87,113.63
635,Carnarvon,0,AU,1511029552,100,1023.85,20.08,5.81,-24.87,113.63
636,Amparihy,75,MG,1511028000,83,1017.0,23.0,1.0,-25.02,46.97
637,Mundo Nuevo,8,MX,1511029696,94,1012.58,26.25,1.51,18.7,-95.5
638,Kadoma,75,JP,1511026200,61,1013.0,9.0,8.2,34.73,135.58
639,Ribeira Grande,75,PT,1511028000,94,1013.0,20.0,5.7,38.52,-28.7
640,Qaanaaq,32,GL,1511029477,100,1019.39,-19.45,4.81,77.48,-69.36
641,Laguna,1,US,1511027880,54,1025.0,13.0,1.5,38.42,-121.42
642,Tautira,75,PF,1511028000,78,1014.0,27.0,4.1,-17.73,-149.15
643,Kovdor,56,RU,1511029698,86,987.37,-9.6,1.36,67.57,30.48
644,Balclutha,0,NZ,1511029579,80,1020.44,4.8,1.46,-46.23,169.75
645,Punta Arenas,75,CL,1511024400,70,995.0,6.0,15.4,-53.15,-70.92
646,Indian Head,1,US,1511028360,44,1006.0,16.0,5.7,38.6,-77.16
647,San Patricio,20,MX,1511023800,66,1013.0,32.0,1.61,19.22,-104.7
648,Balkanabat,68,TM,1511029699,73,999.69,7.35,2.46,39.51,54.37
649,Asosa,12,ET,1511029699,61,894.39,21.2,2.06,10.07,34.53
650,Torbay,90,CA,1511028000,100,993.0,7.0,5.7,47.67,-52.73
651,Rikitea,48,PF,1511029223,100,1031.47,22.78,8.31,-23.12,-134.97
652,Vestmannaeyjar,40,IS,1511028000,79,1021.0,-2.0,5.7,63.44,-20.27
653,Tiksi,64,RU,1511029567,84,1011.85,-12.65,3.46,71.69,128.87
654,Necochea,12,AR,1511029700,88,1015.5,13.45,8.41,-38.55,-58.74
655,Busselton,76,AU,1511029547,100,1024.9,16.18,4.86,-33.65,115.33
656,Hermanus,0,ZA,1511029576,59,988.42,17.35,1.66,-34.42,19.23
657,Puerto Ayora,40,EC,1511024400,50,1014.0,25.0,7.2,-0.74,-90.35
658,Linxia,92,CN,1511029501,92,756.19,-4.23,1.16,35.6,103.21
659,Nizhnekamsk,90,RU,1511026200,97,1019.0,0.0,8.0,55.64,51.82
660,Bluff,0,NZ,1511029539,100,1036.74,10.35,4.46,-46.6,168.33
661,Punta Arenas,75,CL,1511024400,70,995.0,6.0,15.4,-53.15,-70.92
662,Bathsheba,40,BB,1511028000,70,1009.0,31.0,6.7,13.22,-59.52
663,Nyurba,64,RU,1511029703,66,1012.99,-22.73,2.36,63.28,118.33
664,Oranjemund,0,NA,1511029703,95,1027.17,15.95,9.61,-28.55,16.43
665,Muravlenko,68,RU,1511029704,93,1013.07,-11.93,1.66,63.79,74.52
666,East London,0,ZA,1511028000,72,1016.0,16.0,2.1,-33.02,27.91
667,Ulladulla,24,AU,1511024400,93,1021.0,12.0,3.1,-35.35,150.47
668,Saskylakh,56,RU,1511029705,72,1024.5,-19.05,3.46,71.92,114.08
669,Phuket,40,TH,1511026200,88,1011.0,27.0,1.0,7.89,98.4
670,Ushuaia,75,AR,1511024400,93,989.0,2.0,12.9,-54.8,-68.3
671,Mar del Plata,40,AR,1511024400,62,1007.0,14.0,4.1,-38.0,-57.56
672,Jamestown,90,US,1511027760,100,998.0,8.0,5.7,42.1,-79.24
673,Mathura,0,IN,1511029578,75,1007.39,17.95,3.16,27.5,77.68
674,Road Town,40,VG,1511028000,83,1009.0,26.0,2.6,18.42,-64.62
675,Hermanus,0,ZA,1511029576,59,988.42,17.35,1.66,-34.42,19.23
676,Pevek,88,RU,1511029666,86,1003.1,-3.58,6.91,69.7,170.31
677,Mahebourg,40,MU,1511028000,83,1017.0,25.0,2.6,-20.41,57.7
678,Bilma,0,NE,1511029707,24,967.35,21.33,3.16,18.69,12.92
679,Hermanus,0,ZA,1511029576,59,988.42,17.35,1.66,-34.42,19.23
680,Albany,90,US,1511027640,44,1006.0,7.0,6.7,42.65,-73.76
681,Ushuaia,75,AR,1511024400,93,989.0,2.0,12.9,-54.8,-68.3
682,Hilo,1,US,1511027580,82,1012.0,19.0,1.5,19.73,-155.09
683,Chifeng,0,CN,1511029708,57,937.19,-12.45,1.91,42.27,118.96
684,Wagar,0,SD,1511029709,36,971.89,24.58,1.76,16.15,36.2
685,Hay River,90,CA,1511028000,77,1017.0,-17.0,2.1,60.82,-115.8
686,Karratha,0,AU,1511029634,63,1008.28,22.0,3.86,-20.74,116.85
687,Jamestown,90,US,1511027760,100,998.0,8.0,5.7,42.1,-79.24
688,Puerto Ayora,40,EC,1511024400,50,1014.0,25.0,7.2,-0.74,-90.35
689,Hermanus,0,ZA,1511029576,59,988.42,17.35,1.66,-34.42,19.23
690,Biltine,0,TD,1511029710,23,951.62,26.78,4.46,14.53,20.92
691,Half Moon Bay,1,US,1511027760,90,1022.0,14.0,2.61,37.46,-122.43
692,Vaini,75,TO,1511028000,94,1010.0,26.0,2.1,-21.2,-175.2
693,Nenjiang,0,CN,1511029711,41,998.64,-32.65,1.76,49.18,125.22
694,Svetlaya,0,RU,1511029712,100,1013.72,-11.58,7.06,46.54,138.33
695,Oum Hadjer,0,TD,1511029712,24,975.45,27.33,3.56,13.3,19.7
696,Atuona,80,PF,1511029524,100,1025.23,26.25,7.01,-9.8,-139.03
697,Victoria,75,CA,1511028000,87,1023.0,11.0,2.1,48.43,-123.37
698,Busselton,76,AU,1511029547,100,1024.9,16.18,4.86,-33.65,115.33
699,Saskylakh,56,RU,1511029705,72,1024.5,-19.05,3.46,71.92,114.08
700,Amparihy,75,MG,1511028000,83,1017.0,23.0,1.0,-25.02,46.97
701,Souillac,40,MU,1511028000,83,1017.0,25.0,2.6,-20.52,57.52
702,Muzhi,80,RU,1511029714,90,1019.63,-9.08,2.76,65.37,64.67
703,Tamandare,92,BR,1511029714,79,1015.5,26.78,4.21,-8.76,-35.1
704,Victoria,75,CA,1511028000,87,1023.0,11.0,2.1,48.43,-123.37
705,Amparihy,75,MG,1511028000,83,1017.0,23.0,1.0,-25.02,46.97
706,Aracaju,20,BR,1511028000,65,1009.0,28.0,7.2,-10.91,-37.07
707,Lata,0,PT,1511028000,87,1019.0,13.0,2.1,40.16,-8.33
708,Leningradskiy,92,RU,1511029715,100,1014.36,-5.08,14.56,69.38,178.42
709,Ushuaia,75,AR,1511024400,93,989.0,2.0,12.9,-54.8,-68.3
710,Rikitea,48,PF,1511029223,100,1031.47,22.78,8.31,-23.12,-134.97
711,Sao Filipe,0,CV,1511029716,92,1013.23,26.2,4.76,14.9,-24.5
712,Mathura,0,IN,1511029578,75,1007.39,17.95,3.16,27.5,77.68
713,Port Elizabeth,0,ZA,1511028000,87,1015.0,15.0,1.0,-33.92,25.57
714,Mogadishu,0,SO,1511029417,99,1025.39,28.03,7.26,2.04,45.34
715,Hermanus,0,ZA,1511029576,59,988.42,17.35,1.66,-34.42,19.23
716,Bambous Virieux,40,MU,1511028000,83,1017.0,25.0,2.6,-20.34,57.76
717,Georgetown,75,GY,1511024400,66,1008.0,32.0,4.1,6.8,-58.16
718,Torbay,90,CA,1511028000,100,993.0,7.0,5.7,47.67,-52.73
719,Butaritari,0,KI,1511029530,100,1020.2,28.58,0.51,3.07,172.79
720,Bulgan,0,MN,1511029718,39,886.05,-21.55,1.41,48.81,103.53
721,Clyde River,40,CA,1511028000,82,1038.0,-29.0,1.5,70.47,-68.59
722,Hofn,0,IS,1511029228,100,1023.36,1.53,3.21,64.25,-15.21
723,Bethel,20,US,1511027760,75,1008.0,10.0,2.6,41.37,-73.41
724,Kapaa,1,US,1511027760,93,1013.0,22.0,3.1,22.08,-159.32
725,Kapaa,1,US,1511027760,93,1013.0,22.0,3.1,22.08,-159.32
726,Georgetown,75,GY,1511024400,66,1008.0,32.0,4.1,6.8,-58.16
727,Qaanaaq,32,GL,1511029477,100,1019.39,-19.45,4.81,77.48,-69.36
728,Dordrecht,75,NL,1511029200,81,1016.0,8.0,6.2,51.81,4.67
729,Inhambane,0,MZ,1511029720,88,1027.01,22.5,4.81,-23.86,35.38
730,Antofagasta,20,CL,1511024400,63,1015.0,19.0,6.7,-23.65,-70.4
731,Ilulissat,20,GL,1511027400,54,1035.0,-18.0,0.5,69.22,-51.1
732,Rikitea,48,PF,1511029223,100,1031.47,22.78,8.31,-23.12,-134.97
733,Udachnyy,68,RU,1511029721,62,981.53,-22.48,1.91,66.42,112.4
734,La Ronge,40,CA,1511028000,77,1013.0,-15.0,5.1,55.1,-105.28
735,Salalah,20,OM,1511027400,65,1017.0,27.0,3.6,17.02,54.09
736,Ushuaia,75,AR,1511024400,93,989.0,2.0,12.9,-54.8,-68.3
737,Provideniya,92,RU,1511029629,100,1009.82,1.28,12.66,64.38,-173.3
738,Pervomayskiy,88,RU,1511029722,97,1013.23,0.83,4.16,53.25,40.29
739,Tsiombe,8,MG,1511029570,71,1013.72,19.5,2.76,-25.3,45.48
740,Vao,88,NC,1511029723,100,1024.58,21.2,5.01,-22.67,167.48
741,Albany,90,US,1511027640,44,1006.0,7.0,6.7,42.65,-73.76
742,Atuona,80,PF,1511029524,100,1025.23,26.25,7.01,-9.8,-139.03
743,Vaini,75,TO,1511028000,94,1010.0,26.0,2.1,-21.2,-175.2
744,Kurmanayevka,92,RU,1511029724,90,1024.01,1.4,4.76,52.51,52.07
745,Isla Vista,1,US,1511027760,77,1022.0,21.0,3.1,34.41,-119.86
746,Ust-Barguzin,56,RU,1511029724,100,944.81,-15.1,1.21,53.45,108.98
747,Ponta do Sol,40,PT,1511028000,68,1018.0,20.0,5.1,32.67,-17.1
748,Kapaa,1,US,1511027760,93,1013.0,22.0,3.1,22.08,-159.32
749,Ponta do Sol,40,PT,1511028000,68,1018.0,20.0,5.1,32.67,-17.1
750,Yellowknife,75,CA,1511028000,76,1018.0,-22.0,4.6,62.46,-114.35
751,Turukhansk,88,RU,1511029725,66,1014.36,-20.25,5.21,65.82,87.98
752,Tasiilaq,20,GL,1511027400,57,1027.0,-8.0,1.5,65.61,-37.64
753,Atuona,80,PF,1511029524,100,1025.23,26.25,7.01,-9.8,-139.03
754,Sale,0,MA,1511028000,62,1015.0,15.0,1.0,34.04,-6.82
755,Sivaki,0,RU,1511029727,57,994.58,-24.65,2.86,52.63,126.75
756,Starobesheve,48,UA,1511029597,93,1006.66,0.28,3.11,47.75,38.03
757,Hasaki,75,JP,1511026680,52,1005.0,8.0,4.6,35.73,140.83
758,Aginskoye,68,RU,1511029728,54,938.9,-16.55,2.41,51.1,114.53
759,El Tambo,40,CO,1511028000,60,1020.0,24.0,4.1,1.42,-77.4
760,Mathura,0,IN,1511029578,75,1007.39,17.95,3.16,27.5,77.68
761,Nelson Bay,90,AU,1511028000,93,1019.0,16.0,2.6,-32.72,152.15
762,Biabou,40,VC,1511028000,74,1009.0,30.0,6.2,13.2,-61.13
763,Varnek,8,RU,1511029529,100,1020.85,-8.9,4.46,69.71,60.05
764,Hermanus,0,ZA,1511029576,59,988.42,17.35,1.66,-34.42,19.23
765,Balclutha,0,NZ,1511029579,80,1020.44,4.8,1.46,-46.23,169.75
766,Narsaq,90,GL,1511027400,57,1021.0,-5.0,2.1,60.92,-46.05
767,Kieta,12,PG,1511029730,100,1000.18,25.45,1.61,-6.22,155.63
768,Bluff,0,NZ,1511029539,100,1036.74,10.35,4.46,-46.6,168.33
769,Arraial do Cabo,20,BR,1511028000,70,1005.0,32.0,10.3,-22.97,-42.03
770,Lodja,20,CD,1511029731,92,959.0,23.08,0.86,-3.48,23.43
771,Tuktoyaktuk,90,CA,1511028000,84,1023.0,-16.0,2.6,69.45,-133.04
772,Bredasdorp,0,ZA,1511028000,68,1014.0,18.0,6.7,-34.53,20.04
773,Strand,20,ZA,1511028000,82,1016.0,16.0,5.1,-34.11,18.83
774,Pasighat,0,IN,1511029732,85,930.79,15.25,0.96,28.07,95.33
775,Half Moon Bay,1,US,1511027760,90,1022.0,14.0,2.61,37.46,-122.43
776,Rudnik,24,RU,1511029513,73,1010.72,-14.4,2.56,69.75,61.65
777,Pevek,88,RU,1511029666,86,1003.1,-3.58,6.91,69.7,170.31
778,Tuatapere,80,NZ,1511029605,100,1012.99,7.93,2.06,-46.13,167.68
779,Artyom,0,AZ,1511028000,87,1022.0,13.0,3.6,40.47,50.33
780,Namibe,0,AO,1511029734,100,1020.04,21.45,2.81,-15.2,12.15
781,Hobart,0,AU,1511028000,72,1022.0,16.0,3.6,-42.88,147.33
782,Yellowknife,75,CA,1511028000,76,1018.0,-22.0,4.6,62.46,-114.35
783,Saint-Philippe,0,RE,1511028000,83,1016.0,24.0,2.1,-21.36,55.77
784,Avarua,75,CK,1511028000,78,1015.0,26.0,5.1,-21.21,-159.78
785,Kodiak,1,US,1511027580,100,1014.0,0.0,3.1,57.79,-152.41
786,Adzhamka,92,UA,1511029735,93,1008.77,1.75,2.56,48.54,32.54
787,Busselton,76,AU,1511029547,100,1024.9,16.18,4.86,-33.65,115.33
788,Havre-Saint-Pierre,90,CA,1511028000,93,1004.0,2.0,4.1,50.23,-63.6
789,Sao Jose do Belmonte,0,BR,1511029736,36,962.89,33.53,2.91,-7.86,-38.76
790,Matagami,90,CA,1511028000,92,1002.0,-5.0,2.1,49.75,-77.63
791,Brandenburg,90,US,1511028900,88,998.0,19.0,12.9,38.0,-86.17
792,San Juan de Abajo,5,MX,1511027220,52,1013.0,31.0,0.91,20.82,-105.18
793,Belinskiy,76,RU,1511029738,96,1012.09,0.28,4.21,52.96,43.42
794,Jamestown,90,US,1511027760,100,998.0,8.0,5.7,42.1,-79.24
795,Leh,76,IN,1511029739,58,604.52,-20.8,0.41,34.17,77.58
796,Ushuaia,75,AR,1511024400,93,989.0,2.0,12.9,-54.8,-68.3
797,Kotelnich,88,RU,1511029739,87,1012.17,0.43,4.41,58.31,48.35
798,Busselton,76,AU,1511029547,100,1024.9,16.18,4.86,-33.65,115.33
799,Ushuaia,75,AR,1511024400,93,989.0,2.0,12.9,-54.8,-68.3
800,Barrow,90,US,1511027580,85,1024.0,-12.0,2.6,71.29,-156.79
801,Ponta do Sol,40,PT,1511028000,68,1018.0,20.0,5.1,32.67,-17.1
802,Punta Arenas,75,CL,1511024400,70,995.0,6.0,15.4,-53.15,-70.92
803,Martapura,90,ID,1511024400,94,1007.0,26.0,1.5,-3.42,114.85
804,Atuona,80,PF,1511029524,100,1025.23,26.25,7.01,-9.8,-139.03
805,Qaanaaq,32,GL,1511029477,100,1019.39,-19.45,4.81,77.48,-69.36
806,Jamestown,90,US,1511027760,100,998.0,8.0,5.7,42.1,-79.24
807,Mahebourg,40,MU,1511028000,83,1017.0,25.0,2.6,-20.41,57.7
808,Qaanaaq,32,GL,1511029477,100,1019.39,-19.45,4.81,77.48,-69.36
809,Ushuaia,75,AR,1511024400,93,989.0,2.0,12.9,-54.8,-68.3
810,Fort Beaufort,0,ZA,1511029742,61,967.84,14.05,2.36,-32.77,26.63
811,Vila Franca do Campo,20,PT,1511028000,82,1016.0,19.0,2.1,37.72,-25.43
812,Punta Arenas,75,CL,1511024400,70,995.0,6.0,15.4,-53.15,-70.92
813,Punta Arenas,75,CL,1511024400,70,995.0,6.0,15.4,-53.15,-70.92
814,Vao,88,NC,1511029723,100,1024.58,21.2,5.01,-22.67,167.48
815,Bluff,0,NZ,1511029539,100,1036.74,10.35,4.46,-46.6,168.33
816,Blagoyevo,88,RU,1511029744,84,997.02,0.78,3.41,63.37,47.92
817,Mackenzie,90,CA,1511028000,100,1008.0,-2.0,4.1,55.3,-123.17
818,Constantine,40,DZ,1511028000,81,1020.0,10.0,3.6,36.37,6.61
819,Arraial do Cabo,20,BR,1511028000,70,1005.0,32.0,10.3,-22.97,-42.03
820,Saint-Philippe,0,RE,1511028000,83,1016.0,24.0,2.1,-21.36,55.77
821,Cabo San Lucas,5,MX,1511027520,18,1016.0,33.0,1.61,22.89,-109.91
822,Castro,80,BR,1511029299,78,901.77,23.05,5.36,-24.79,-50.01
823,Dniprodzerzhynsk,0,UA,1511028000,100,1016.0,2.0,4.0,48.51,34.6
824,Ponta do Sol,40,PT,1511028000,68,1018.0,20.0,5.1,32.67,-17.1
825,Emerald,100,AU,1511029746,96,1002.85,18.15,3.41,-23.53,148.17
826,Fairbanks,1,US,1511027880,82,1023.0,-29.0,1.76,64.84,-147.72
827,Mar del Plata,40,AR,1511024400,62,1007.0,14.0,4.1,-38.0,-57.56
828,Barrow,90,US,1511027580,85,1024.0,-12.0,2.6,71.29,-156.79
829,Carnarvon,0,AU,1511029552,100,1023.85,20.08,5.81,-24.87,113.63
830,Thompson,90,CA,1511028000,66,1005.0,-12.0,8.7,55.74,-97.86
831,Mathura,0,IN,1511029578,75,1007.39,17.95,3.16,27.5,77.68
832,Cape Town,20,ZA,1511028000,82,1016.0,16.0,5.1,-33.93,18.42
833,Mounana,90,GA,1511028000,88,1012.0,23.0,3.6,-1.41,13.16
834,Nanortalik,24,GL,1511029529,98,1022.07,-1.9,13.91,60.14,-45.24
835,Busselton,76,AU,1511029547,100,1024.9,16.18,4.86,-33.65,115.33
836,Tuatapere,80,NZ,1511029605,100,1012.99,7.93,2.06,-46.13,167.68
837,Saint-Philippe,0,RE,1511028000,83,1016.0,24.0,2.1,-21.36,55.77
838,Hermanus,0,ZA,1511029576,59,988.42,17.35,1.66,-34.42,19.23
839,Kapaa,1,US,1511027760,93,1013.0,22.0,3.1,22.08,-159.32
840,Yellowknife,75,CA,1511028000,76,1018.0,-22.0,4.6,62.46,-114.35
841,Rikitea,48,PF,1511029223,100,1031.47,22.78,8.31,-23.12,-134.97
842,Rikitea,48,PF,1511029223,100,1031.47,22.78,8.31,-23.12,-134.97
843,Mathura,0,IN,1511029578,75,1007.39,17.95,3.16,27.5,77.68
844,Bluff,0,NZ,1511029539,100,1036.74,10.35,4.46,-46.6,168.33
845,Rio Grande,20,BR,1511028000,50,1006.0,24.0,6.2,-32.03,-52.1
846,Esperance,8,AU,1511029659,98,1011.93,15.43,1.46,-33.87,121.9
847,Rudnik,24,RU,1511029513,73,1010.72,-14.4,2.56,69.75,61.65
848,Porto Novo,75,CV,1511028000,61,1013.0,27.0,5.7,17.02,-25.06
849,Kashechewan,80,CA,1511029539,89,1017.69,-2.48,4.56,52.3,-81.62
850,East London,0,ZA,1511028000,72,1016.0,16.0,2.1,-33.02,27.91
851,Tasiilaq,20,GL,1511027400,57,1027.0,-8.0,1.5,65.61,-37.64
852,Fortuna,1,US,1511027700,81,1025.0,9.0,4.1,40.6,-124.16
853,Hofn,0,IS,1511029228,100,1023.36,1.53,3.21,64.25,-15.21
854,Launceston,75,AU,1511028000,87,1023.0,11.0,1.5,-41.45,147.17
855,Rikitea,48,PF,1511029223,100,1031.47,22.78,8.31,-23.12,-134.97
856,Victoria,75,CA,1511028000,87,1023.0,11.0,2.1,48.43,-123.37
857,Marshfield,90,US,1511027700,80,1004.0,3.0,5.1,44.67,-90.17
858,Mosjoen,0,NO,1511027400,69,997.0,1.0,3.6,65.84,13.19
859,Victoria,75,CA,1511028000,87,1023.0,11.0,2.1,48.43,-123.37
860,El Trompillo,75,BO,1511028000,78,1006.0,27.0,5.7,-17.8,-63.17
861,Georgetown,75,GY,1511024400,66,1008.0,32.0,4.1,6.8,-58.16
862,Khatanga,24,RU,1511029568,60,1033.98,-21.4,5.06,71.97,102.5
863,Ushuaia,75,AR,1511024400,93,989.0,2.0,12.9,-54.8,-68.3
864,Souillac,40,MU,1511028000,83,1017.0,25.0,2.6,-20.52,57.52
865,Albany,90,US,1511027640,44,1006.0,7.0,6.7,42.65,-73.76
866,Ushuaia,75,AR,1511024400,93,989.0,2.0,12.9,-54.8,-68.3
867,Albany,90,US,1511027640,44,1006.0,7.0,6.7,42.65,-73.76
868,Saint Anthony,1,US,1511028900,55,1010.0,3.0,6.2,45.02,-93.22
869,Hilo,1,US,1511027580,82,1012.0,19.0,1.5,19.73,-155.09
870,Tura,0,IN,1511029762,89,1014.61,18.68,1.96,25.52,90.22
871,Rikitea,48,PF,1511029223,100,1031.47,22.78,8.31,-23.12,-134.97
872,Upernavik,0,GL,1511029762,100,1047.92,-12.98,6.16,72.79,-56.15
873,Cidreira,88,BR,1511029285,79,1009.18,23.9,4.56,-30.18,-50.21
874,Calbuco,90,CL,1511024400,100,1020.0,9.0,6.2,-41.77,-73.13
875,Souillac,40,MU,1511028000,83,1017.0,25.0,2.6,-20.52,57.52
876,Sur,0,OM,1511029763,100,1001.48,24.28,2.11,22.57,59.53
877,Punta Arenas,75,CL,1511024400,70,995.0,6.0,15.4,-53.15,-70.92
878,Amparihy,75,MG,1511028000,83,1017.0,23.0,1.0,-25.02,46.97
879,Balclutha,0,NZ,1511029579,80,1020.44,4.8,1.46,-46.23,169.75
880,Hilo,1,US,1511027580,82,1012.0,19.0,1.5,19.73,-155.09
881,New Norfolk,0,AU,1511028000,72,1022.0,16.0,3.6,-42.78,147.06
882,Umea,90,SE,1511027400,85,997.0,-5.0,6.2,63.83,20.26
883,Hermanus,0,ZA,1511029576,59,988.42,17.35,1.66,-34.42,19.23
884,Yellowknife,75,CA,1511028000,76,1018.0,-22.0,4.6,62.46,-114.35
885,Kruisfontein,0,ZA,1511029765,87,1019.15,16.08,3.56,-34.0,24.73
886,Norman Wells,90,CA,1511028000,70,1024.0,-20.0,4.6,65.28,-126.83
887,Mahibadhoo,32,MV,1511029766,100,1023.44,28.28,1.51,3.78,72.97
888,Takanosu,88,JP,1511029766,78,984.45,0.75,3.51,40.22,140.37
889,Hobart,0,AU,1511028000,72,1022.0,16.0,3.6,-42.88,147.33
890,Ushuaia,75,AR,1511024400,93,989.0,2.0,12.9,-54.8,-68.3
891,Sarkand,24,KZ,1511029767,61,954.3,-6.45,1.96,45.41,79.92
892,Faanui,80,PF,1511029768,100,1026.6,25.68,8.36,-16.48,-151.75
893,Trincomalee,12,LK,1511029768,92,1016.47,24.0,2.06,8.57,81.23
894,Provideniya,92,RU,1511029629,100,1009.82,1.28,12.66,64.38,-173.3
895,Talnakh,36,RU,1511029589,95,1011.85,-26.8,1.41,69.49,88.4
896,Atuona,80,PF,1511029524,100,1025.23,26.25,7.01,-9.8,-139.03
897,Ushuaia,75,AR,1511024400,93,989.0,2.0,12.9,-54.8,-68.3
898,Bethel,20,US,1511027760,75,1008.0,10.0,2.6,41.37,-73.41
899,Fortuna,1,US,1511027700,81,1025.0,9.0,4.1,40.6,-124.16
900,Sinnamary,0,GF,1511029769,87,1020.28,28.78,4.56,5.38,-52.95
901,Castro,80,BR,1511029299,78,901.77,23.05,5.36,-24.79,-50.01
902,Cape Town,20,ZA,1511028000,82,1016.0,16.0,5.1,-33.93,18.42
903,Brae,80,GB,1511027400,75,1007.0,7.0,13.4,60.4,-1.35
904,Mathura,0,IN,1511029578,75,1007.39,17.95,3.16,27.5,77.68
905,Mathura,0,IN,1511029578,75,1007.39,17.95,3.16,27.5,77.68
906,Ribeira Grande,75,PT,1511028000,94,1013.0,20.0,5.7,38.52,-28.7
907,Torbay,90,CA,1511028000,100,993.0,7.0,5.7,47.67,-52.73
908,Hobart,0,AU,1511028000,72,1022.0,16.0,3.6,-42.88,147.33
909,Atuona,80,PF,1511029524,100,1025.23,26.25,7.01,-9.8,-139.03
910,Puerto Ayora,40,EC,1511024400,50,1014.0,25.0,7.2,-0.74,-90.35
911,Idil,20,TR,1511028000,28,1019.0,14.0,2.6,37.34,41.89
912,Cherskiy,92,RU,1511029563,88,1001.96,-10.55,2.41,68.75,161.3
913,At-Bashi,0,KG,1511029772,70,773.05,-18.55,1.01,41.17,75.81
914,Mathura,0,IN,1511029578,75,1007.39,17.95,3.16,27.5,77.68
915,Varnek,8,RU,1511029529,100,1020.85,-8.9,4.46,69.71,60.05
916,Hithadhoo,56,MV,1511029587,100,1023.36,28.25,4.41,-0.6,73.08
917,Hermanus,0,ZA,1511029576,59,988.42,17.35,1.66,-34.42,19.23
918,Mar del Plata,40,AR,1511024400,62,1007.0,14.0,4.1,-38.0,-57.56
919,Avarua,75,CK,1511028000,78,1015.0,26.0,5.1,-21.21,-159.78
920,Lebu,0,CL,1511029675,98,1031.55,13.05,8.61,-37.62,-73.65
921,Khatanga,24,RU,1511029568,60,1033.98,-21.4,5.06,71.97,102.5
922,Tiksi,64,RU,1511029567,84,1011.85,-12.65,3.46,71.69,128.87
923,Chokurdakh,80,RU,1511029545,81,1018.17,-14.4,5.81,70.63,147.92
924,Manggar,68,ID,1511029775,100,1017.28,24.78,1.51,-2.88,108.27
925,Saskylakh,56,RU,1511029705,72,1024.5,-19.05,3.46,71.92,114.08
926,Ilo,0,PE,1511029775,71,959.0,20.6,2.21,-17.64,-71.34
927,Atuona,80,PF,1511029524,100,1025.23,26.25,7.01,-9.8,-139.03
928,Klaksvik,48,FO,1511027400,74,1016.0,3.0,11.3,62.23,-6.59
929,Sunrise Manor,1,US,1511028900,19,1029.0,13.0,6.7,36.21,-115.07
930,Rikitea,48,PF,1511029223,100,1031.47,22.78,8.31,-23.12,-134.97
931,Nouadhibou,0,MR,1511028000,73,1013.0,21.0,6.2,20.93,-17.03
932,Ostrovnoy,80,RU,1511029652,98,985.26,-5.58,2.31,68.05,39.51
933,Necochea,12,AR,1511029700,88,1015.5,13.45,8.41,-38.55,-58.74
934,Isiro,0,CD,1511029777,95,937.76,20.85,0.81,2.77,27.62
935,Gandiaye,0,SN,1511028000,22,1010.0,36.0,3.1,14.23,-16.27
